{"cameraMode":{"drawMode":0,"name":"Shaded","section":"Shading Mode"},"sceneLighting":false,"audioPlay":false,"sceneViewState":{"m_AlwaysRefresh":false,"showFog":true,"showSkybox":false,"showFlares":true,"showImageEffects":true,"showParticleSystems":true,"showVisualEffectGraphs":true,"m_FxEnabled":true},"in2DMode":false,"pivot":{"x":0.008634045720100403,"y":0.14670094847679139,"z":0.0050077885389328},"rotation":{"x":-0.006722282152622938,"y":0.9935919642448425,"z":-0.08574824035167694,"w":-0.074747733771801},"size":0.2776217758655548,"orthographic":false}